id;number;stage;area_m2;price_total_clp;reservation_amount_clp;status;reserved_until;reserved_at;reserved_by;order_id;updated_at;cuotas;pie;valor_cuota;last_installment_amount
3;3;1;200;35990000;500000;sold;2026-02-18 12:56:08.956;2026-02-18 12:54:08.956;session_1771415740961_c0ceewal3;ALM31419248956;2026-03-10 21:23:48.626;64;1000000;550000;340000
34;34;1;390;43990000;500000;sold;2026-02-16 07:04:29.117;2026-02-16 07:02:29.117;session_1771225324522_h74ljxbwb;ALM341225349117;2026-02-20 16:42:36.099;77;2000000;550000;190000
189;58;4;390;43990000;500000;reserved;2026-02-26 04:38:07.291;2026-02-26 04:36:07.291;session_1772080539602_sgyiakzwp;ALM1892080567291;2026-02-26 04:36:07.291;77;2000000;550000;190000
123;31;3;390;43990000;500000;reserved;2026-02-26 05:43:29.921;2026-02-26 05:41:29.921;session_1772084428440_s1ekjqnc2;ALM1232084489921;2026-02-26 05:41:29.921;77;2000000;550000;190000
120;28;3;390;43990000;500000;reserved;2026-02-17 04:46:16.409;2026-02-17 04:44:16.409;session_1771303096369_u77nfpy5v;ALM1201303456409;2026-02-17 04:44:16.409;77;2000000;550000;190000
90;41;2;390;43990000;500000;sold;;;;ALM900127779054;2026-02-25 17:21:26.257;77;2000000;550000;190000
150;19;4;200;35990000;500000;reserved;2026-02-15 16:57:46.722;2026-02-15 16:55:46.722;session_1771174526459_430iqf9gv;ALM1501174546722;2026-02-15 16:55:46.722;64;1000000;550000;340000
98;6;3;200;35990000;500000;available;;;;;2026-02-11 17:46:24.26;63;1500000;550000;390000
100;8;3;200;35990000;500000;available;;;;;2026-02-11 17:46:24.27;63;1500000;550000;390000
101;9;3;200;35990000;500000;available;;;;;2026-02-11 17:46:24.273;63;1500000;550000;390000
102;10;3;200;35990000;500000;available;;;;;2026-02-11 17:46:24.276;63;1500000;550000;390000
103;11;3;200;35990000;500000;available;;;;;2026-02-11 17:46:24.28;63;1500000;550000;390000
24;24;1;200;35990000;500000;available;;;;;2026-02-11 17:46:23.927;63;1500000;550000;390000
25;25;1;200;35990000;500000;available;;;;;2026-02-11 17:46:23.93;63;1500000;550000;390000
107;15;3;200;35990000;500000;reserved;2026-02-26 02:55:01.914;2026-02-26 02:53:01.914;session_1772074350290_8si2qrtxk;ALM1072074381914;2026-02-26 02:53:01.914;64;1000000;550000;340000
26;26;1;200;35990000;500000;available;;;;;2026-02-11 17:46:23.933;63;1500000;550000;390000
27;27;1;200;35990000;500000;available;;;;;2026-02-11 17:46:23.951;63;1500000;550000;390000
44;44;1;390;35900000;200000;sold;;;;;2026-03-10 20:07:47.739;52;7500000;550000;350000
105;13;3;200;35990000;500000;available;;;;;2026-02-11 17:46:24.288;63;1500000;550000;390000
106;14;3;200;35990000;500000;available;;;;ALM1060831914694;2026-02-11 17:46:24.294;63;1500000;550000;390000
111;19;3;200;35990000;500000;available;;;;ALM1110077120781;2026-02-11 17:46:24.322;63;1500000;550000;390000
139;8;4;200;35990000;500000;available;;;;;2026-02-11 17:46:24.443;63;1500000;550000;390000
144;13;4;200;35990000;500000;"available
";2026-02-12 21:39:40.216;2026-02-12 21:37:40.216;session_1770932039246_d8f2q7oqm;ALM1440932260217;2026-02-12 21:39:06.22;64;1000000;550000;340000
112;20;3;200;35990000;500000;"available
";2026-02-15 18:11:15.934;2026-02-15 18:09:15.934;session_1771178865656_bbj4p0cy4;ALM1121178955934;2026-02-15 18:09:37.147;64;1000000;550000;340000
116;24;3;200;35990000;500000;"available
";2026-02-15 19:34:44.298;2026-02-15 19:32:44.298;session_1771183466599_08ffa7hic;ALM1161183964299;2026-02-15 19:33:04.16;64;1000000;550000;340000
169;38;4;200;35990000;500000;available;;;;;2026-02-11 17:46:24.558;63;1500000;550000;390000
52;3;2;200;35990000;500000;available;;;;;2026-02-11 17:46:24.062;63;1500000;550000;390000
47;47;1;236.97;35990000;550000;sold;;;;ALM470418311600;2026-03-10 21:22:13.698;64;1550000;550000;340000
4;4;1;200;35990000;500000;sold;;;;ALM40127421494;2026-03-10 21:27:30.188;64;1000000;550000;340000
89;40;2;390;43990000;500000;sold;;;;ALM890157418700;2026-03-10 21:30:42.474;78;1500000;550000;140000
86;37;2;390;43990000;500000;sold;2026-03-09 13:52:43.103;2026-03-09 13:50:43.103;session_1773064124209_2b4hq3a3k;ALM863064243103;2026-03-10 21:35:47.492;77;2000000;550000;190000
87;38;2;390;43990000;500000;sold;2026-03-08 22:13:30.443;2026-03-08 22:11:30.443;session_1773007680253_sjhle882u;ALM873007890443;2026-03-11 14:29:17.567;77;2000000;550000;190000
118;26;3;;0;500000;sold;;;;;2026-02-16 05:22:45.354;;;;
128;36;3;390;43990000;500000;"available
";2026-02-15 20:20:38.848;2026-02-15 20:18:38.848;session_1771186676263_9se8utcum;ALM1281186718848;2026-02-15 20:19:00.582;77;2000000;550000;190000
30;30;1;390;43990000;500000;sold;;;;ALM300230685762;2026-03-10 21:23:30.605;77;2000000;550000;190000
29;29;1;390;43990000;500000;sold;;;;ALM290127349271;2026-03-10 21:28:49.903;78;1500000;550000;140000
197;46;2;390;43990000;500000;sold;;;;ALM1970413215056;2026-03-10 21:30:54.016;78;1500000;550000;140000
80;31;2;390;43990000;500000;sold;2026-03-07 17:08:22.49;2026-03-07 17:06:22.49;session_1772902674958_dhed98pv3;ALM802903182490;2026-03-10 21:31:18.129;77;2000000;550000;190000
88;39;2;390;43990000;500000;sold;2026-03-06 16:26:10.288;2026-03-06 16:24:10.288;session_1772814146589_2b70fqqix;ALM882814250288;2026-03-10 21:34:39.714;77;2000000;550000;190000
13;13;1;200;35990000;500000;sold;2026-03-15 00:16:32.578;2026-03-15 00:14:32.578;session_1773533294736_a2d86bo0k;ALM133533672578;2026-03-15 00:19:21.067;64;1000000;550000;340000
137;6;4;200;35990000;500000;available;;;;;2026-02-11 17:46:24.435;63;1500000;550000;390000
145;14;4;200;35990000;500000;available;;;;ALM1450229223136;2026-02-11 17:46:24.468;63;1500000;550000;390000
104;12;3;200;35990000;500000;available;2026-02-16 04:35:03.866;2026-02-16 04:33:03.866;session_1771216228522_hfw8e0aay;ALM1041216383866;2026-02-16 05:11:59.983;63;1500000;550000;390000
113;21;3;200;35990000;500000;available;;;;ALM1130125413642;2026-02-11 17:46:24.332;63;1500000;550000;390000
148;17;4;200;35990000;500000;available;;;;;2026-02-11 17:46:24.482;63;1500000;550000;390000
135;4;4;215.63;35990000;500000;available;;;;ALM1359879527239;2026-02-11 17:46:24.425;63;1500000;550000;390000
136;5;4;201.33;35990000;500000;available;;;;ALM1369881862135;2026-02-11 17:46:24.43;63;1500000;550000;390000
7;7;1;200;35990000;500000;reserved;2026-03-15 17:52:27.731;2026-03-15 17:50:27.731;session_1773596868094_wm4zoq8v6;ALM73597027731;2026-03-15 17:50:27.731;64;1000000;550000;340000
178;47;4;232.04;35990000;500000;available;;;;;2026-02-11 17:46:24.597;63;1500000;550000;390000
85;36;2;390;43990000;500000;sold;;;;ALM850127653988;2026-03-15 18:13:36.688;77;2000000;550000;190000
124;32;3;390;43990000;500000;reserved;2026-02-26 00:33:54.356;2026-02-26 00:31:54.356;session_1772065873857_57iebb47j;ALM1242065914356;2026-02-26 00:31:54.356;77;2000000;550000;190000
114;22;3;200;35990000;500000;reserved;2026-02-26 02:09:20.493;2026-02-26 02:07:20.493;session_1772071611193_onf63gj4g;ALM1142071640494;2026-02-26 02:07:20.493;64;1000000;550000;340000
125;33;3;390;43990000;500000;reserved;2026-02-26 05:34:50.741;2026-02-26 05:32:50.741;session_1772083807251_v0ky8i2hw;ALM1252083970741;2026-02-26 05:32:50.741;77;2000000;550000;190000
179;48;4;208.79;35990000;500000;available;;;;;2026-02-11 17:46:24.601;63;1500000;550000;390000
133;2;4;239.18;35990000;500000;available;;;;ALM1339956570808;2026-02-11 17:46:24.416;63;1500000;550000;390000
134;3;4;228.91;35990000;500000;available;;;;ALM1349956653294;2026-02-11 17:46:24.42;63;1500000;550000;390000
173;42;4;294.07;35990000;500000;available;;;;ALM1730079749415;2026-02-16 05:26:27.192;63;1500000;550000;390000
149;18;4;200;35990000;500000;available;;;;;2026-02-11 17:46:24.485;63;1500000;550000;390000
165;34;4;200;35990000;500000;available;;;;;2026-02-11 17:46:24.542;63;1500000;550000;390000
109;17;3;200;35990000;500000;reserved;2026-02-26 05:47:35.341;2026-02-26 05:45:35.341;session_1772084685952_xvfsswdhb;ALM1092084735341;2026-02-26 05:45:35.341;64;100000;550000;340000
198;45;2;390;35900000;200000;sold;;;;;2026-03-09 17:13:22.339;52;7500000;550000;350000
132;1;4;249.24;35990000;500000;reserved;2026-03-09 22:31:33.57;2026-03-09 22:29:33.57;session_1773094956825_ihjpx9phv;ALM1323095373570;2026-03-09 22:29:33.57;64;1000000;550000;340000
119;27;3;;0;500000;sold;;;;;2026-02-16 05:21:58.443;;;;
176;45;4;;0;500000;sold;;;;;2026-02-16 05:23:10.778;;;;
78;29;2;;42900000;500000;sold;;;;;2026-02-16 05:20:29.724;;;;
50;1;2;374.13;43990000;500000;sold;;;;;2026-02-16 05:20:54.775;77;2000000;550000;190000
168;37;4;200;35990000;500000;available;;;;;2026-02-11 17:46:24.553;63;1500000;550000;390000
33;33;1;390;43990000;500000;sold;2026-02-19 12:58:21.603;2026-02-19 12:56:21.603;session_1771505686925_qpp1g8uov;ALM331505781603;2026-03-10 21:25:03.579;77;2000000;550000;190000
32;32;1;390;43990000;500000;sold;;;;ALM320669896249;2026-03-10 21:28:24.874;78;1500000;550000;140000
115;23;3;200;35990000;500000;available;;;;;2026-02-11 17:46:24.339;63;1500000;550000;390000
117;25;3;200;35990000;500000;available;;;;;2026-02-11 17:46:24.347;63;1500000;550000;390000
138;7;4;200;35990000;500000;available;;;;;2026-02-11 17:46:24.439;63;1500000;550000;390000
142;11;4;200;35990000;500000;available;;;;;2026-02-11 17:46:24.455;63;1500000;550000;390000
143;12;4;200;35990000;500000;available;;;;ALM1430228300760;2026-02-11 17:46:24.46;63;1500000;550000;390000
158;27;4;200;35990000;500000;available;;;;;2026-02-11 17:46:24.513;63;1500000;550000;390000
159;28;4;200;35990000;500000;available;;;;;2026-02-11 17:46:24.516;63;1500000;550000;390000
160;29;4;200;35990000;500000;available;;;;;2026-02-11 17:46:24.518;63;1500000;550000;390000
15;15;1;200;35990000;500000;available;;;;ALM150127363615;2026-02-11 17:46:23.883;63;1500000;550000;390000
161;30;4;200;35990000;500000;available;;;;;2026-02-11 17:46:24.521;63;1500000;550000;390000
162;31;4;200;35990000;500000;available;;;;;2026-02-11 17:46:24.527;63;1500000;550000;390000
163;32;4;200;35990000;500000;available;;;;;2026-02-11 17:46:24.532;63;1500000;550000;390000
164;33;4;200;35990000;500000;available;;;;;2026-02-11 17:46:24.536;63;1500000;550000;390000
166;35;4;200;35990000;500000;available;;;;;2026-02-11 17:46:24.546;63;1500000;550000;390000
167;36;4;200;35990000;500000;available;;;;;2026-02-11 17:46:24.549;63;1500000;550000;390000
171;40;4;200;35990000;500000;available;;;;;2026-02-11 17:46:24.567;63;1500000;550000;390000
18;18;1;200;35990000;500000;available;;;;ALM180831934288;2026-02-11 17:46:23.902;63;1500000;550000;390000
19;19;1;200;35990000;;available;;;;;2026-03-06 14:48:55.649;63;1500000;550000;390000
21;21;1;200;35990000;500000;available;;;;;2026-02-11 17:46:23.915;63;1500000;550000;390000
48;47;2;303.52;27900000;200000;sold;;;;;2026-03-06 21:30:49.362;43;4500000;550000;300000
91;42;2;390;43990000;500000;sold;;;;ALM910127314766;2026-03-10 21:29:53.508;78;1500000;550000;140000
130;38;3;390;43990000;500000;sold;2026-02-24 22:52:41.64;2026-02-24 22:50:41.64;session_1771972423179_oabiokydh;ALM1301973441640;2026-03-10 21:31:45.674;77;2000000;550000;190000
201;43;3;;42900000;500000;sold;;;;;2026-02-16 05:21:09.843;;;;
196;65;4;;0;500000;sold;;;;;2026-02-16 05:22:57.321;;;;
175;44;4;;0;500000;sold;;;;;2026-02-16 05:23:17.808;;;;
22;22;1;200;35990000;500000;available;;;;;2026-02-11 17:46:23.919;63;1500000;550000;390000
16;16;1;200;35990000;500000;sold;2026-02-26 19:05:58.686;2026-02-26 19:03:58.686;session_1772132520031_ktts0e4nd;ALM162132638686;2026-03-12 00:03:06.305;64;1000000;550000;340000
122;30;3;390;43990000;500000;"available
";2026-02-15 19:38:36.212;2026-02-15 19:36:36.212;session_1771184140615_vwuursp60;ALM1221184196212;2026-02-15 19:36:59.979;77;2000000;550000;190000
183;52;4;390;43990000;500000;"available
";2026-02-15 19:48:37.222;2026-02-15 19:46:37.222;session_1771184757564_mjly5epel;ALM1831184797222;2026-02-15 19:47:02.008;77;2000000;550000;190000
31;31;1;390;43990000;500000;sold;2026-03-01 18:25:21.153;2026-03-01 18:23:21.153;session_1772389270819_mqty1u0ej;ALM312389401153;2026-03-12 03:58:26.305;77;2000000;550000;190000
172;41;4;;0;500000;sold;;;;;2026-02-16 05:23:05.335;;;;
199;44;2;390;35900000;500000;sold;;;;;2026-03-09 17:12:52.053;52;7500000;550000;349998
156;25;4;449.28;0;500000;sold;;;;;2026-02-16 05:23:25.973;;;;
202;42;3;390;35900000;200000;sold;;;;;2026-03-09 17:14:03.53;82;7500000;350000;50000
17;17;1;200;35990000;500000;sold;2026-03-15 18:45:32.227;2026-03-15 18:43:32.227;session_1773600086057_c9toldzmi;ALM173600212228;2026-03-15 18:44:54.385;64;1000000;550000;340000
35;35;1;390;43990000;500000;sold;2026-02-25 15:55:43.953;2026-02-25 15:53:43.953;session_1772034664615_kkvgmaka2;ALM352034823953;2026-02-26 01:03:02.388;77;2000000;550000;190000
126;34;3;390;43990000;500000;reserved;2026-02-26 01:56:01.559;2026-02-26 01:54:01.559;session_1772070810424_gve01rp8t;ALM1262070841559;2026-02-26 01:54:01.559;77;2000000;550000;190000
20;20;1;200;35990000;500000;sold;2026-02-21 15:41:06.951;2026-02-21 15:39:06.951;session_1771688227311_1izk6w3ur;ALM201688346951;2026-03-10 21:27:15.593;64;1000000;550000;340000
23;23;1;200;35990000;500000;available;;;;;2026-02-11 17:46:23.924;63;1500000;550000;390000
203;41;3;390;43990000;500000;sold;2026-03-01 17:23:32.899;2026-03-01 17:21:32.899;session_1772385606716_fci1s39ht;ALM2032385692900;2026-03-10 21:33:15.234;77;2000000;550000;190000
67;18;2;200;35990000;500000;reserved;2026-03-15 09:32:27.551;2026-03-15 09:30:27.551;session_1773567000579_4apno17vx;ALM673567027551;2026-03-15 09:30:27.551;64;1000000;550000;340000
53;4;2;200;35990000;500000;available;;;;;2026-02-11 17:46:24.065;63;1500000;550000;390000
54;5;2;200;35990000;500000;available;;;;ALM540413810613;2026-02-11 17:46:24.069;63;1500000;550000;390000
63;14;2;200;35990000;500000;available;;;;;2026-02-11 17:46:24.104;63;1500000;550000;390000
68;19;2;200;35990000;500000;available;;;;ALM680230223100;2026-02-11 17:46:24.124;63;1500000;550000;390000
70;21;2;200;35990000;500000;available;;;;ALM700125467271;2026-02-11 17:46:24.13;63;1500000;550000;390000
64;15;2;200;35990000;500000;"available
";2026-02-15 20:12:12.162;2026-02-15 20:10:12.162;session_1771186172173_cn9e32aca;ALM641186212162;2026-02-15 20:10:30.403;64;1000000;550000;340000
62;13;2;200;35990000;500000;available;;;;ALM620125612374;2026-02-11 17:46:24.099;63;1500000;550000;390000
71;22;2;200;35990000;500000;available;;;;ALM710090722690;2026-02-11 17:46:24.132;63;1500000;550000;390000
72;23;2;200;35990000;500000;available;;;;;2026-02-11 17:46:24.135;63;1500000;550000;390000
177;46;4;316.56;44990000;500000;available;;;;;2026-02-11 17:46:24.593;76;3500000;550000;240000
121;29;3;390;44990000;500000;available;;;;;2026-02-11 17:46:24.369;76;3500000;550000;240000
180;49;4;390;44990000;500000;available;;;;;2026-02-11 17:46:24.604;76;3500000;550000;240000
181;50;4;390;44990000;500000;available;;;;;2026-02-11 17:46:24.607;76;3500000;550000;240000
59;10;2;200;35990000;500000;reserved;2026-02-25 23:52:41.696;2026-02-25 23:50:41.696;session_1772063302958_i76qdkyu4;ALM592063441696;2026-02-25 23:50:41.696;64;1000000;550000;340000
188;57;4;390;43990000;500000;reserved;2026-02-26 05:24:47.109;2026-02-26 05:22:47.109;session_1772083339665_d82w4pi7b;ALM1882083367109;2026-02-26 05:22:47.109;77;2000000;550000;190000
66;17;2;200;35990000;500000;reserved;2026-02-26 22:07:18.235;2026-02-26 22:05:18.235;session_1772143488415_nsanxnf2v;ALM662143518235;2026-02-26 22:05:18.235;64;1000000;550000;340000
182;51;4;390;44990000;500000;available;;;;;2026-02-11 17:46:24.61;76;3500000;550000;240000
184;53;4;390;44990000;500000;available;;;;;2026-02-11 17:46:24.617;76;3500000;550000;240000
186;55;4;390;44990000;500000;available;;;;;2026-02-11 17:46:24.625;76;3500000;550000;240000
190;59;4;390;44990000;500000;available;;;;ALM1909850262898;2026-02-11 17:46:24.638;76;3500000;550000;240000
191;60;4;390;44990000;500000;available;;;;ALM1910557003518;2026-02-11 17:46:24.641;76;3500000;550000;240000
36;36;1;390;43990000;500000;sold;2026-02-24 21:37:50.819;2026-02-24 21:35:50.819;session_1771968864250_zqdcyndtu;ALM361968950819;2026-03-10 21:28:39.373;77;2000000;550000;190000
192;61;4;390;44990000;500000;available;;;;ALM1920479929133;2026-02-11 17:46:24.644;76;3500000;550000;240000
195;64;4;390;44990000;500000;available;;;;;2026-02-11 17:46:24.652;76;3500000;550000;240000
8;8;1;200;18890000;500000;sold;;;;;2026-03-06 20:08:28.987;23;7100000;500000;290000
42;42;1;390;35900000;200000;sold;;;;;2026-03-06 21:02:57.935;56;5300000;550000;150000
46;46;1;390;35900000;200000;sold;;;;;2026-03-06 21:03:56.901;52;7500000;550000;350000
2;2;1;200;27700000;200000;sold;;;;;2026-03-06 21:04:54.982;41;5300000;550000;400000
81;32;2;390;44990000;500000;available;;;;;2026-02-11 17:46:24.184;76;3500000;550000;240000
193;62;4;390;44990000;500000;available;;;;ALM1939885844499;2026-02-11 17:46:24.647;76;3500000;550000;240000
194;63;4;390;44990000;500000;available;;;;ALM1940727262042;2026-02-11 17:46:24.649;76;3500000;550000;240000
129;37;3;390;44990000;500000;available;;;;ALM1290127863942;2026-02-11 17:46:24.403;76;3500000;550000;240000
174;43;4;308.84;44990000;500000;available;;;;ALM1740079872289;2026-02-11 17:46:24.579;76;3500000;550000;240000
127;35;3;390;44990000;500000;available;;;;;2026-02-11 17:46:24.395;76;3500000;550000;240000
28;28;1;344.2;43990000;500000;sold;;;;;2026-02-16 05:20:38.784;77;2000000;550000;190000
92;43;2;390;43990000;500000;sold;2026-03-02 18:01:36.667;2026-03-02 17:59:36.667;session_1772474288012_o1qd0mxaq;ALM922474376667;2026-03-12 20:44:41.34;77;2000000;550000;190000
49;40;3;390;43990000;500000;sold;2026-03-04 17:15:12.642;2026-03-04 17:13:12.642;session_1772643847184_jofhg9lxr;ALM492644392642;2026-03-04 17:15:47.095;77;2000000;550000;190000
185;54;4;390;44990000;500000;available;;;;ALM1850082568881;2026-02-11 17:46:24.621;76;3500000;550000;240000
79;30;2;361.08;44990000;500000;available;;;;;2026-02-11 17:46:24.169;76;3500000;550000;240000
37;37;1;390;35900000;200000;sold;;2026-02-03 01:31:16.223;;ALM370082276223;2026-03-10 14:30:33.546;49;7000000;550000;550000
108;16;3;200;35990000;500000;reserved;2026-02-26 22:03:15.991;2026-02-26 22:01:15.991;session_1772143244953_fhws2omh1;ALM1082143275991;2026-02-26 22:01:15.991;64;1000000;550000;340000
110;18;3;200;35990000;500000;reserved;2026-03-06 01:54:53.377;2026-03-06 01:52:53.377;session_1772761834198_lbhbzomm4;ALM1102761973377;2026-03-06 01:52:53.377;64;1000000;550000;340000
1;1;1;326.23;18890000;500000;sold;;;;;2026-03-06 14:02:20.499;23;7100000;500000;290000
6;6;1;200;27900000;200000;sold;;;;;2026-03-06 14:03:00.394;43;4300000;550000;300000
9;9;1;200;35990000;500000;sold;2026-02-18 20:04:19.477;2026-02-18 20:02:19.477;session_1771444710776_r7p5pbehb;ALM91444939477;2026-03-10 21:22:52.083;64;1000000;550000;340000
14;14;1;200;35990000;500000;reserved;2026-02-16 06:15:04.284;2026-02-16 06:13:04.284;session_1771222275390_cl0f1mwc2;ALM141222384284;2026-02-16 06:13:04.284;64;1000000;550000;340000
40;40;1;390;43990000;500000;sold;2026-02-18 23:52:55.388;2026-02-18 23:50:55.388;session_1771458502377_pbwszg7bd;ALM401458655388;2026-03-10 21:26:06.354;78;1500000;550000;140000
43;43;1;390;43990000;500000;sold;;;;;2026-03-10 21:27:58.845;78;1500000;550000;140000
84;35;2;390;44990000;500000;available;;;;ALM840158953773;2026-02-11 17:46:24.198;76;3500000;550000;240000
187;56;4;390;44990000;500000;available;;;;ALM1870830609402;2026-02-11 17:46:24.628;76;3500000;550000;240000
41;41;1;390;43990000;500000;sold;2026-02-16 00:40:33.977;2026-02-16 00:38:33.977;session_1771202237702_joi27qgu8;ALM411202313977;2026-03-10 21:29:00.931;77;2000000;550000;190000
5;5;1;200;27900000;500000;sold;;;;;2026-03-06 21:03:37.286;43;4300000;550000;350000
45;45;1;390;35700000;200000;sold;;;;ALM459906575806;2026-03-06 21:05:18.021;52;7300000;550000;350000
58;9;2;200;35990000;500000;reserved;2026-02-23 12:07:14.067;2026-02-23 12:05:14.067;session_1771848144012_xog6i52j1;ALM581848314067;2026-02-23 12:05:14.067;64;1000000;550000;340000
76;27;2;200;35990000;500000;available;;;;;2026-02-11 17:46:24.149;63;1500000;550000;390000
170;39;4;200;35990000;500000;available;;;;;2026-02-11 17:46:24.562;63;1500000;550000;390000
38;38;1;390;35900000;200000;sold;;;;ALM380142094371;2026-03-06 21:25:56.791;52;7500000;550000;350000
94;2;3;200;35990000;500000;available;;;;;2026-02-11 17:46:24.243;63;1500000;550000;390000
39;39;1;390;35900000;1950000;sold;;;;ALM390127820311;2026-03-06 21:29:12.857;57;5000000;550000;100000
69;20;2;200;35990000;500000;reserved;2026-03-16 05:38:48.229;2026-03-16 05:36:48.229;session_1773639383741_b5anyuji7;ALM693639408230;2026-03-16 05:36:48.229;64;1000000;550000;340000
95;3;3;200;35990000;500000;available;;;;;2026-02-11 17:46:24.245;63;1500000;550000;390000
82;33;2;390;44990000;500000;available;2026-02-12 21:34:50.971;2026-02-12 21:32:50.971;session_1770931678237_mwwu6tsw1;ALM820931970971;2026-02-12 21:32:50.971;76;3500000;550000;240000
83;34;2;390;44990000;500000;available;;;;;2026-02-11 17:46:24.194;76;3500000;550000;240000
73;24;2;200;35990000;500000;available;;;;;2026-02-11 17:46:24.138;63;1500000;550000;390000
74;25;2;200;35990000;500000;available;;;;;2026-02-11 17:46:24.143;63;1500000;550000;390000
75;26;2;200;35990000;500000;available;;;;;2026-02-11 17:46:24.146;63;1500000;550000;390000
147;16;4;200;35990000;500000;available;;;;ALM1470229057713;2026-02-11 17:46:24.477;63;1500000;550000;390000
146;15;4;200;35990000;500000;available;2026-02-11 17:48:38.4;2026-02-11 17:46:38.4;session_1770831703706_gxq8koav6;ALM1460831998401;2026-02-11 17:46:38.4;63;1500000;550000;390000
65;16;2;200;35990000;500000;available;2026-02-11 17:58:28.084;2026-02-11 17:56:28.084;session_1770832477473_gxbaogcer;ALM650832588084;2026-02-11 17:56:28.084;63;1500000;550000;390000
77;28;2;211.72;35990000;500000;available;;;;ALM770081103640;2026-02-11 17:46:24.154;63;1500000;550000;390000
60;11;2;200;35990000;500000;available;;;;ALM609912482844;2026-02-16 13:00:07.013;63;1500000;550000;390000
51;2;2;200;35990000;500000;available;;;;;2026-02-11 17:46:24.059;63;1500000;550000;390000
61;12;2;200;35990000;500000;available;;;;;2026-02-11 17:46:24.093;63;1500000;550000;390000
93;1;3;200;35990000;500000;available;;;;ALM930080659497;2026-02-11 17:46:24.24;63;1500000;550000;390000
96;4;3;200;35990000;500000;available;;;;ALM969880757824;2026-02-11 17:46:24.251;63;1500000;550000;390000
97;5;3;200;35990000;500000;available;;;;ALM979911068288;2026-02-11 17:46:24.256;63;1500000;550000;390000
99;7;3;200;35990000;500000;available;;;;ALM990124944254;2026-02-11 17:46:24.265;63;1500000;550000;390000
140;9;4;200;35990000;500000;available;;;;;2026-02-11 17:46:24.448;63;1500000;550000;390000
141;10;4;200;35990000;500000;available;;;;ALM1410158793628;2026-02-11 17:46:24.452;63;1500000;550000;390000
10;10;1;200;35990000;500000;available;;;;ALM100088053228;2026-02-11 17:46:23.851;63;1500000;550000;390000
11;11;1;200;35990000;500000;available;;;;;2026-02-11 17:46:23.855;63;1500000;550000;390000
12;12;1;200;35990000;500000;available;;;;ALM120224643466;2026-02-11 17:46:23.859;63;1500000;550000;390000
55;6;2;200;35990000;500000;available;;;;ALM550125588582;2026-02-11 17:46:24.072;63;1500000;550000;390000
56;7;2;200;35990000;500000;available;;;;ALM560224663831;2026-02-11 17:46:24.077;63;1500000;550000;390000
155;24;4;293.3;35990000;500000;available;;;;ALM1550148517565;2026-02-11 17:46:24.504;63;1500000;550000;390000
57;8;2;200;35990000;500000;available;;;;;2026-02-11 17:46:24.081;63;1500000;550000;390000
152;21;4;200;35990000;500000;available;;;;;2026-02-11 17:46:24.494;63;1500000;550000;390000
153;22;4;200;35990000;500000;available;;;;;2026-02-11 17:46:24.496;63;1500000;550000;390000
154;23;4;200;35990000;500000;available;;;;;2026-02-11 17:46:24.499;63;1500000;550000;390000
157;26;4;200;35990000;500000;available;;;;;2026-02-11 17:46:24.51;63;1500000;550000;390000
151;20;4;200;35990000;500000;available;2026-02-11 17:57:47.638;2026-02-11 17:55:47.638;session_1770832477473_gxbaogcer;ALM1510832547638;2026-02-11 17:55:47.638;63;1500000;550000;390000
131;39;3;390;44990000;500000;available;;;;ALM1310031584991;2026-02-11 17:46:24.41;76;3500000;550000;240000
